<?xml version="1.0" encoding="UTF-8"?>
<metadata modelVersion="1.1.0">
  <groupId>com.google.guava</groupId>
  <artifactId>guava</artifactId>
  <versioning>
    <latest>19.0-rc2</latest>
    <release>19.0-rc2</release>
    <versions>
      <version>r03</version>
      <version>r05</version>
      <version>r06</version>
      <version>r07</version>
      <version>r08</version>
      <version>r09</version>
      <version>10.0-rc1</version>
      <version>10.0-rc2</version>
      <version>10.0-rc3</version>
      <version>10.0</version>
      <version>10.0.1</version>
      <version>11.0-rc1</version>
      <version>11.0</version>
      <version>11.0.1</version>
      <version>11.0.2</version>
      <version>12.0-rc1</version>
      <version>12.0-rc2</version>
      <version>12.0</version>
      <version>12.0.1</version>
      <version>13.0-rc1</version>
      <version>13.0-rc2</version>
      <version>13.0</version>
      <version>13.0.1</version>
      <version>14.0-rc1</version>
      <version>14.0-rc2</version>
      <version>14.0-rc3</version>
      <version>14.0</version>
      <version>14.0.1</version>
      <version>15.0-rc1</version>
      <version>15.0</version>
      <version>16.0-rc1</version>
      <version>16.0</version>
      <version>16.0.1</version>
      <version>17.0-rc1</version>
      <version>17.0-rc2</version>
      <version>17.0</version>
      <version>18.0-rc1</version>
      <version>18.0-rc2</version>
      <version>18.0</version>
      <version>19.0-rc1</version>
      <version>19.0-rc2</version>
    </versions>
    <lastUpdated>20150917183202</lastUpdated>
  </versioning>
</metadata>
