<?xml version="1.0" encoding="UTF-8"?>
<metadata>
  <groupId>com.googlecode.owasp-java-html-sanitizer</groupId>
  <artifactId>owasp-java-html-sanitizer</artifactId>
  <versioning>
    <latest>20150501.1</latest>
    <release>20150501.1</release>
    <versions>
      <version>r136</version>
      <version>r156</version>
      <version>r163</version>
      <version>r164</version>
      <version>r173</version>
      <version>r198</version>
      <version>r209</version>
      <version>r223</version>
      <version>r232</version>
      <version>r239</version>
      <version>1.1</version>
      <version>20150501.1</version>
    </versions>
    <lastUpdated>20151008174756</lastUpdated>
  </versioning>
</metadata>
