<?xml version="1.0" encoding="UTF-8"?>
<metadata modelVersion="1.1.0">
  <groupId>commons-codec</groupId>
  <artifactId>commons-codec</artifactId>
  <versioning>
    <latest>1.10</latest>
    <release>1.10</release>
    <versions>
      <version>1.1</version>
      <version>1.2</version>
      <version>1.3</version>
      <version>1.4</version>
      <version>1.5</version>
      <version>1.6</version>
      <version>1.7</version>
      <version>1.8</version>
      <version>1.9</version>
      <version>1.10</version>
    </versions>
    <lastUpdated>20141110023525</lastUpdated>
  </versioning>
</metadata>
